{
  "axis_1": {
    "intercept": 0.0022196779313024793,
    "slope": -5.442544797016652e-08
  },
  "axis_2": {
    "intercept": -0.013007214153046604,
    "slope": 3.189307093340574e-07
  },
  "axis_3": {
    "intercept": 0.004609219080821923,
    "slope": -1.1301586132325716e-07
  },
  "axis_4": {
    "intercept": -0.010073834617545784,
    "slope": 2.4700563721673624e-07
  },
  "axis_5": {
    "intercept": -0.0016275740183323397,
    "slope": 3.990734142243903e-08
  },
  "axis_6": {
    "intercept": -0.01065820442129373,
    "slope": 2.613341070819809e-07
  },
  "axis_7": {
    "intercept": -0.010422252141858095,
    "slope": 2.555486693269075e-07
  },
  "axis_8": {
    "intercept": -0.008193965180985863,
    "slope": 2.0091213204314627e-07
  }
}