{
  "min": {
    "axis_1": 0.0,
    "axis_2": 0.0,
    "axis_3": 0.0,
    "axis_4": 0.0,
    "axis_5": 0.0,
    "axis_6": 0.0,
    "axis_7": 0.0,
    "axis_8": 0.0
  },
  "max": {
    "axis_1": 23.6093,
    "axis_2": 51.71323,
    "axis_3": 41.85556,
    "axis_4": 15.6663,
    "axis_5": 20.75076,
    "axis_6": 20.93142,
    "axis_7": 8.10848,
    "axis_8": 5.90564
  },
  "mean": {
    "axis_1": 0.7257429365799557,
    "axis_2": 3.613373826628352,
    "axis_3": 2.7103363094878,
    "axis_4": 0.6202218496672717,
    "axis_5": 0.9545209228171003,
    "axis_6": 0.5994270659407139,
    "axis_7": 0.8701453917120386,
    "axis_8": 0.10221448326275458
  },
  "std": {
    "axis_1": 2.1620925703244707,
    "axis_2": 6.879875011127662,
    "axis_3": 5.111836420781026,
    "axis_4": 1.5748767957528609,
    "axis_5": 2.1001594161141086,
    "axis_6": 1.8154750349587754,
    "axis_7": 2.1667834032502182,
    "axis_8": 0.4230699589678519
  }
}